{
  "saudacao": [
    "oi", "olá", "bom dia", "boa tarde", "eai", "boa noite", "hey", "opa", "e aí", "salve",
    "fala", "coé", "beleza", "suave", "tudo bem", "tudo bom", "como vai", "oi tudo bem",
    "olá como vai", "bom dia tudo bem", "boa tarde tudo bom", "boa noite como está",
    "hey como vai", "opa beleza", "e aí suave", "fala aí", "coé mano", "salve salve",
    "hey hey", "oi oi", "olá olá", "eae mano", "fala comigo", "oi amigo", "olá assistente",
    "bom dia ia", "boa tarde assistente", "oi robô", "olá bot", "hey você", "opa ia"
  ],
  
  "funcionamento": [
    "como você funciona", "o que você é", "como você foi feita", "como você foi criado",
    "o que é você", "você é uma ia", "você é inteligência artificial", "você é um robô",
    "você é um bot", "como funciona", "explica como funciona", "como você trabalha",
    "o que você faz", "qual sua função", "para que você serve", "você é real",
    "você é humano", "você tem consciência", "você pensa", "como você aprende",
    "você usa internet", "você está online", "você é offline", "você precisa de internet",
    "você foi programada", "quem te criou", "quem te fez", "quem te programou",
    "qual sua tecnologia", "você usa machine learning", "você é deep learning",
    "você é neural network", "você usa redes neurais", "como você me entende",
    "como você processa texto", "você entende português", "você fala outras línguas",
    "você é python", "você foi feita em python", "qual linguagem você usa"
  ],
  
  "despedida": [
    "tchau", "até mais", "falou", "até logo", "até breve", "até a próxima", "até depois",
    "tchau tchau", "bye", "adeus", "flw", "valeu", "obrigado tchau", "obrigada até mais",
    "ok tchau", "tá bom tchau", "beleza até mais", "ok até logo", "vou indo",
    "tenho que ir", "preciso ir", "até mais tarde", "até amanhã", "até semana que vem",
    "nos vemos", "a gente se vê", "inté", "xau", "abraço", "um abraço", "beijo",
    "até qualquer dia", "fica bem", "se cuida", "cuida-te", "tchau ia", "até mais assistente"
  ],

  "agradecimento": [
    "obrigado", "obrigada", "valeu", "vlw", "muito obrigado", "muito obrigada",
    "agradeço", "grato", "grata", "agradecido", "agradecida", "valeu mesmo",
    "valeu demais", "obrigado pela ajuda", "obrigada pela ajuda", "obrigado por tudo",
    "brigadão", "brigadona", "thanks", "ty", "thx", "muito grato", "muito grata",
    "te agradeço", "agradeço você", "grato pela ajuda", "grata pela ajuda",
    "obrigado viu", "valeu aí", "valeu mano", "obrigado amigo", "obrigada amiga"
  ],

  "confirmacao": [
    "sim", "yes", "claro", "com certeza", "isso mesmo", "exatamente", "correto",
    "certo", "verdade", "é isso aí", "pode ser", "ok", "okay", "beleza", "tá bom",
    "tudo bem", "concordo", "aceito", "positivo", "afirmativo", "isso", "é sim",
    "uhum", "aham", "certeza", "sem dúvida", "obviamente", "claro que sim",
    "com toda certeza", "isso aí", "é isso mesmo", "exato", "perfeito", "ótimo",
    "maravilha", "top", "show", "massa", "legal", "bacana", "de boa"
  ],

  "negacao": [
    "não", "nao", "no", "nunca", "jamais", "de jeito nenhum", "nem pensar",
    "não quero", "nao quero", "não precisa", "nao precisa", "negativo", "nops",
    "nope", "nada disso", "não é isso", "nao é isso", "errado", "incorreto",
    "discordo", "não concordo", "nao concordo", "nem", "não mesmo", "nao mesmo",
    "claro que não", "claro que nao", "de forma alguma", "sem chance", "impossível",
    "impossivel", "não dá", "nao da", "não tem como", "nao tem como", "recuso"
  ],

  "ajuda": [
    "ajuda", "me ajuda", "preciso de ajuda", "pode me ajudar", "você pode ajudar",
    "socorro", "help", "me socorre", "auxílio", "auxilio", "ajude-me", "me auxilie",
    "preciso de auxílio", "preciso de auxilio", "como você pode ajudar", "o que você pode fazer",
    "o que você sabe fazer", "quais suas habilidades", "você pode fazer o que",
    "me dá uma ajuda", "me da uma ajuda", "ajuda aí", "ajuda aqui", "preciso muito de ajuda",
    "estou precisando de ajuda", "você consegue ajudar", "dá para ajudar", "da pra ajudar"
  ],

  "capacidades": [
    "o que você pode fazer", "o que você sabe fazer", "quais suas funções",
    "quais suas capacidades", "você faz o que", "você sabe fazer o que",
    "me mostre o que você faz", "mostre suas habilidades", "qual seu potencial",
    "você é capaz de que", "do que você é capaz", "suas funcionalidades",
    "o que está disponível", "o que posso pedir", "o que posso te perguntar",
    "você responde sobre o que", "que tipo de pergunta você responde",
    "você pode conversar", "você pode responder perguntas", "você entende comandos"
  ],

  "estado_humor": [
    "como você está", "como vai você", "tudo bem com você", "você está bem",
    "como se sente", "você tem sentimentos", "você fica feliz", "você fica triste",
    "você tem emoções", "qual seu humor", "você está feliz", "você está triste",
    "como está se sentindo", "qual seu estado", "você fica com raiva",
    "você sente algo", "você tem alma", "você tem coração", "você chora",
    "você ri", "você se diverte", "você gosta de algo", "você odeia algo"
  ],

  "identidade": [
    "qual seu nome", "como você se chama", "qual é seu nome", "tem nome",
    "você tem nome", "como posso te chamar", "seu nome é o que", "me diz seu nome",
    "quem é você", "quem você é", "você é quem", "qual sua identidade",
    "o que você representa", "você tem sobrenome", "qual seu sobrenome",
    "nome completo", "qual seu nome completo", "como se apresenta"
  ],

  "idade": [
    "qual sua idade", "quantos anos você tem", "você tem idade", "quando nasceu",
    "quando você foi criada", "quando você foi criado", "você é nova", "você é velha",
    "você é jovem", "você é antiga", "há quanto tempo existe", "quando surgiu",
    "data de criação", "ano de criação", "você é recente", "idade do sistema"
  ],

  "localizacao": [
    "onde você está", "onde você mora", "de onde você é", "qual sua localização",
    "você fica onde", "você está em que lugar", "você está aonde", "você vive onde",
    "local onde está", "sua localização", "onde foi criada", "onde foi desenvolvida",
    "você está na nuvem", "você está no servidor", "você está no computador"
  ],

  "criador": [
    "quem te criou", "quem te fez", "quem te programou", "quem é seu criador",
    "quem é seu desenvolvedor", "quem te desenvolveu", "qual empresa te fez",
    "você foi feita por quem", "autor do código", "programador responsável",
    "equipe de desenvolvimento", "quem escreveu seu código", "quem te treinou"
  ],

  "idioma": [
    "você fala inglês", "você fala espanhol", "que línguas você fala",
    "quantos idiomas você conhece", "você entende outras línguas", "você é multilíngue",
    "você fala português", "você só fala português", "você entende inglês",
    "você pode falar em inglês", "mude para inglês", "troque o idioma",
    "você traduz", "você faz tradução", "traduzir texto"
  ],

  "tempo": [
    "que horas são", "qual o horário", "me diz as horas", "horário atual",
    "que dia é hoje", "qual a data", "data de hoje", "estamos em que dia",
    "que mês é", "que ano é", "qual o ano atual", "dia da semana",
    "é que dia da semana", "quanto tempo faz", "há quanto tempo"
  ],

  "clima": [
    "como está o tempo", "qual a previsão do tempo", "vai chover", "vai fazer sol",
    "como está o clima", "temperatura hoje", "está frio", "está quente",
    "previsão para amanhã", "tempo para hoje", "vai fazer calor", "vai esfriar"
  ],

  "piadas": [
    "conta uma piada", "me faz rir", "fala algo engraçado", "tem alguma piada",
    "sabe alguma piada", "você é engraçada", "você tem humor", "piada boa",
    "conta outra piada", "mais uma piada", "me diverte", "me faz sorrir",
    "algo divertido", "história engraçada", "anedota", "conte uma anedota"
  ],

  "elogio": [
    "você é incrível", "você é ótima", "você é maravilhosa", "você é demais",
    "você é top", "você é show", "você é legal", "você é bacana", "você é massa",
    "gosto de você", "você é inteligente", "você é esperta", "você é eficiente",
    "você funciona bem", "você é rápida", "você é prestativa", "você ajuda muito",
    "você é útil", "você é perfeita", "você é excelente", "você é fantástica"
  ],

  "critica": [
    "você não presta", "você é ruim", "você é péssima", "você é inútil",
    "você não funciona", "você falhou", "você errou", "você não sabe nada",
    "você é burra", "você é lenta", "você não ajuda", "você é incapaz",
    "não gostei de você", "você é chata", "você é irritante", "você é cansativa"
  ],

  "opiniao": [
    "o que você acha", "qual sua opinião", "você tem opinião", "você opina",
    "o que pensa sobre", "qual seu ponto de vista", "você concorda", "você discorda",
    "você aprova", "você desaprova", "você recomenda", "você sugere",
    "na sua opinião", "segundo você", "para você", "você acredita que"
  ],

  "existencia": [
    "você existe", "você é real", "você existe de verdade", "você é de verdade",
    "você está viva", "você tem vida", "você é viva", "você respira",
    "você é física", "você tem corpo", "você é material", "você é virtual",
    "você é digital", "você é software", "você é programa", "você é código"
  ],

  "aprendizado": [
    "você aprende", "você consegue aprender", "como você aprende", "você evolui",
    "você melhora", "você se desenvolve", "você fica mais inteligente",
    "você memoriza", "você lembra", "você guarda informação", "você estuda",
    "você se atualiza", "você recebe atualizações", "você treina"
  ],

  "limitacoes": [
    "o que você não pode fazer", "quais suas limitações", "você tem limites",
    "o que você não sabe", "você não consegue fazer o que", "você falha em que",
    "onde você não funciona", "você tem fraquezas", "seus pontos fracos",
    "o que você não entende", "você não compreende o que", "suas restrições"
  ],

  "privacidade": [
    "você guarda meus dados", "você salva nossas conversas", "você me monitora",
    "você compartilha informações", "você é segura", "você é confiável",
    "meus dados estão seguros", "você respeita privacidade", "você vaza dados",
    "você é privada", "você é anônima", "você registra tudo", "você grava conversa"
  ],

  "comparacao": [
    "você é melhor que", "você é pior que", "comparado com", "você versus",
    "diferença entre você e", "você é igual a", "você é parecida com",
    "você se compara a", "você compete com", "você é superior a",
    "você é inferior a", "qual a diferença", "qual melhor você ou"
  ],

  "futuro": [
    "o que vai acontecer", "prevê o futuro", "você sabe o futuro", "previsão futura",
    "vai acontecer o que", "o que vem", "o que esperar", "próximos acontecimentos",
    "você prevê", "você adivinha", "faça uma previsão", "diga o futuro"
  ],

  "problema_tecnico": [
    "não está funcionando", "deu erro", "parou de funcionar", "você travou",
    "você bugou", "tem um bug", "tem problema", "não responde", "não funciona",
    "está quebrada", "está com defeito", "falha técnica", "erro no sistema",
    "sistema com problema", "você caiu", "sistema offline", "fora do ar"
  ],

  "teste": [
    "teste", "testando", "você funciona", "está funcionando", "está online",
    "está ativa", "você responde", "você está aí", "tem alguém aí",
    "você me ouve", "você me escuta", "está me ouvindo", "recebe minha mensagem",
    "consegue me ver", "está me vendo", "isso funciona", "funciona mesmo"
  ],

  "repeticao": [
    "repete", "repita", "fala de novo", "diz de novo", "pode repetir",
    "repete o que disse", "o que você disse", "não entendi", "como",
    "como assim", "explica melhor", "explique novamente", "não compreendi",
    "fala mais devagar", "mais claro", "seja mais clara", "reformule"
  ],

  "entendimento": [
    "você me entende", "você me compreende", "você entendeu", "você compreendeu",
    "ficou claro", "está claro", "você captou", "você pegou", "sacou",
    "você entende o que digo", "você compreende minha pergunta", "faz sentido para você",
    "você interpreta", "você processa", "você decodifica"
  ],

  "aleatorio": [
    "fala algo", "me diz algo", "diz qualquer coisa", "fala qualquer coisa",
    "algo aleatório", "algo random", "surpresa", "me surpreenda", "escolha algo",
    "decisão aleatória", "sorteia algo", "randomize", "escolha por mim"
  ],

  "conselho": [
    "me dá um conselho", "me aconselha", "o que devo fazer", "o que fazer",
    "me orienta", "me guia", "qual melhor opção", "o que escolher",
    "me ajuda a decidir", "qual sua sugestão", "você sugere o que", "recomendação",
    "dica", "me dá uma dica", "qual dica você dá", "oriente-me"
  ],

  "motivacao": [
    "me motiva", "preciso de motivação", "me anima", "me encoraja",
    "diz algo motivador", "palavras motivacionais", "me dá força", "me incentiva",
    "preciso de incentivo", "estou desanimado", "estou desmotivado", "me inspira",
    "inspiração", "algo inspirador", "levanta meu astral"
  ],

  "filosofia": [
    "qual sentido da vida", "qual o propósito", "por que existimos", "significado da vida",
    "o que é a vida", "o que é felicidade", "o que é amor", "o que é verdade",
    "questões existenciais", "filosofia", "pensamento filosófico", "reflexão profunda",
    "questão profunda", "pergunta filosófica", "dilema existencial"
  ],

  "ciencia": [
    "explica ciência", "fato científico", "descoberta científica", "teoria científica",
    "como funciona cientificamente", "explique cientificamente", "física", "química",
    "biologia", "astronomia", "matemática", "método científico", "pesquisa científica"
  ],

  "historia": [
    "conta história", "fato histórico", "evento histórico", "história antiga",
    "história moderna", "Segunda Guerra", "Primeira Guerra", "Brasil colônia",
    "história do Brasil", "história mundial", "acontecimento histórico", "era histórica"
  ],

  "geografia": [
    "capital de", "onde fica", "localização de", "país", "cidade", "continente",
    "população de", "área territorial", "fronteira entre", "oceano", "rio", "montanha",
    "geografia mundial", "mapa", "coordenadas", "hemisfério"
  ],

  "matematica": [
    "calcule", "quanto é", "soma de", "subtração de", "multiplicação", "divisão",
    "equação", "fórmula", "resolva", "resultado de", "matemática", "conta",
    "operação matemática", "cálculo", "raiz quadrada", "potência", "porcentagem"
  ],

  "tecnologia": [
    "tecnologia", "programação", "código", "software", "hardware", "computador",
    "internet", "rede", "sistema operacional", "aplicativo", "app", "inteligência artificial",
    "machine learning", "blockchain", "criptomoeda", "Bitcoin", "cloud computing"
  ],

  "entretenimento": [
    "filme", "série", "música", "jogo", "game", "livro", "anime", "esporte",
    "futebol", "basquete", "vôlei", "Fórmula 1", "artista", "ator", "cantor",
    "banda", "show", "concerto", "festival", "Netflix", "Spotify", "YouTube"
  ],

  "comida": [
    "receita", "como fazer", "ingredientes", "comida", "bebida", "prato",
    "culinária", "cozinha", "restaurante", "lanche", "café da manhã", "almoço",
    "jantar", "sobremesa", "doce", "salgado", "vegano", "vegetariano", "dieta"
  ],

  "saude": [
    "saúde", "doença", "sintoma", "tratamento", "remédio", "medicamento",
    "hospital", "médico", "doutor", "exercício", "academia", "treino",
    "dieta saudável", "nutrição", "vitamina", "proteína", "sono", "estresse"
  ],

  "relacionamento": [
    "amor", "namoro", "relacionamento", "casamento", "divórcio", "amizade",
    "família", "filho", "pai", "mãe", "irmão", "irmã", "parceiro", "esposa",
    "marido", "namorado", "namorada", "sentimento", "emoção", "carinho"
  ],

  "trabalho": [
    "trabalho", "emprego", "carreira", "profissão", "salário", "entrevista",
    "currículo", "vaga", "empresa", "negócio", "empreendedorismo", "startup",
    "chefe", "colega", "equipe", "projeto", "reunião", "home office"
  ],

  "educacao": [
    "estudo", "escola", "faculdade", "universidade", "curso", "aula",
    "professor", "aluno", "estudante", "prova", "exame", "nota", "diploma",
    "graduação", "pós-graduação", "mestrado", "doutorado", "pesquisa", "TCC"
  ],

  "financas": [
    "dinheiro", "investimento", "bolsa de valores", "ação", "renda fixa",
    "poupança", "economia", "gastar", "comprar", "vender", "lucro", "prejuízo",
    "dívida", "empréstimo", "financiamento", "cartão de crédito", "débito"
  ],

  "viagem": [
    "viagem", "viajar", "turismo", "destino", "hotel", "passagem", "aeroporto",
    "avião", "praia", "montanha", "cidade", "país", "mochilão", "roteiro",
    "passeio", "férias", "feriado", "final de semana", "excursão"
  ],

  "natureza": [
    "natureza", "meio ambiente", "sustentabilidade", "reciclagem", "poluição",
    "desmatamento", "aquecimento global", "clima", "ecologia", "animal",
    "planta", "árvore", "floresta", "oceano", "mar", "rio", "lago"
  ],

  "politica": [
    "política", "governo", "presidente", "eleição", "voto", "partido",
    "democracia", "ditadura", "lei", "constituição", "congresso", "senado",
    "deputado", "senador", "ministro", "prefeito", "vereador", "política pública"
  ],

  "religiao": [
    "religião", "Deus", "fé", "igreja", "templo", "oração", "bíblia",
    "cristianismo", "catolicismo", "protestantismo", "espiritismo", "budismo",
    "islamismo", "judaísmo", "ateu", "agnóstico", "espiritualidade", "alma"
  ],

  "arte": [
    "arte", "pintura", "escultura", "desenho", "artista", "museu", "galeria",
    "exposição", "obra de arte", "Van Gogh", "Picasso", "Da Vinci", "arte moderna",
    "arte contemporânea", "renascimento", "barroco", "impressionismo", "surrealismo"
  ],

  "moda": [
    "moda", "roupa", "estilo", "look", "outfit", "tendência", "desfile",
    "modelo", "fashion", "marca", "grife", "luxo", "casual", "formal",
    "sapato", "tênis", "bolsa", "acessório", "maquiagem", "cabelo"
  ],

  "automóveis": [
    "carro", "automóvel", "veículo", "moto", "caminhão", "ônibus",
    "marca de carro", "modelo", "motor", "velocidade", "combustível",
    "gasolina", "diesel", "elétrico", "híbrido", "seguro", "mecânica"
  ]
}