{
    "atualizacoes": [
        { "versao": "1.1.0", "data": "30/12/2025", "descricao": "Mudança de Back-end, migrado para Python3.14+ / Criação de IA estatica Local"},
        { "versao": "1.0.3", "data": "20/03/2025", "descricao": "Acionamento de mais sites e correções de bugs"},
        { "versao": "1.0.1", "data": "19/03/2025", "descricao": "Adicionado sistema de pesquisa offline, e criando pagina de atualização." },
        { "versao": "0.9.9", "data": "10/03/2025", "descricao": "Ajustes na interface do usuário e do servidor." },
        { "versao": "0.9.7", "data": "26/03/2025", "descricao": "Correções de bugs e otimizações." },
        { "versao": "0.9.6", "data": "25/02/2025", "descricao": "Melhorias na performance da busca." },
        { "versao": "0.9.5", "data": "25/02/2025", "descricao": "Suporte a pesquisas dinâmicas adicionadas." },
        { "versao": "0.9.4", "data": "13/02/2025", "descricao": "Interface reformulada para melhor usabilidade." },
        { "versao": "0.9.3", "data": "10/02/2025", "descricao": "Testes iniciais da aplicação." }
    ]
}
